req_id,ts_utc,distance_km,hour,day_of_week,demand_index,supply_index,city,pred_p10,pred_p50,pred_p90
042ae7ce-61dd-4022-b4ce-55466dd96351,2025-08-16T17:47:41.431330,5.4,17,5,1.25,0.63,Munich,14.4164,20.6843,28.3127
2b37d202-82b5-476a-8592-56709262174b,2025-08-16T17:47:41.502326,4.91,18,1,1.11,0.85,Berlin,10.0471,14.9466,20.854
427feaa8-bd57-40e1-8065-d1987649a381,2025-08-16T17:47:41.581816,5.58,18,2,1.19,1.02,Munich,9.7502,13.503,18.5458
c2717f45-5cb1-4889-8be2-cf767cb4f6eb,2025-08-16T17:47:41.647059,7.76,21,2,1.02,0.91,Munich,9.3394,13.2191,18.3145
8a1f735f-2377-4692-8576-531473f2d845,2025-08-16T17:47:41.710654,4.31,9,6,1.0,0.78,Berlin,9.5092,14.585,19.6053
1673ffea-d88f-452d-9406-b82b0d9eb469,2025-08-16T17:47:41.773750,5.62,9,6,1.22,0.76,Munich,11.8304,17.5108,21.7535
51fe592f-c3f8-4804-bff2-1380e31b4d20,2025-08-16T17:47:41.837730,2.06,12,2,0.85,0.96,Munich,3.5699,5.2171,6.6069
1995ac0f-04ad-48f0-b92f-c3ff1318cfd7,2025-08-16T17:47:41.901315,2.34,9,6,1.33,0.86,Munich,7.8673,10.0818,12.2242
4ba7a67f-5175-4384-9264-8307f0e5ad19,2025-08-16T17:47:41.980897,5.37,17,2,1.06,1.07,Berlin,8.5337,11.3742,15.385
03d55d26-f802-45ae-8f67-30b8cc0e79ef,2025-08-16T17:47:42.059884,1.14,12,4,0.86,1.31,Munich,3.0,2.9391,3.821
aef779ef-9386-4a1e-b997-52f6dc14ed7f,2025-08-16T17:47:42.122419,5.58,8,4,1.01,0.85,Munich,9.4073,13.3898,18.856
b5bd8201-484d-4746-b3c1-a94c8d9e0e42,2025-08-16T17:47:42.188703,5.19,12,4,0.97,0.97,Munich,8.5459,11.5974,15.0746
7de0a38b-687e-4e3d-88f2-a73b3b96d9b2,2025-08-16T17:47:42.265505,3.8,9,4,1.39,0.99,Munich,10.543,13.6169,18.0813
52fe16a5-af60-4335-b209-0100646fafde,2025-08-16T17:47:42.345455,5.75,17,4,1.11,1.12,Berlin,8.5995,11.3742,15.4592
c91b4b4c-b170-49d8-8e9b-23d7d1804d4e,2025-08-16T17:47:42.408348,4.62,9,1,1.14,1.37,Munich,6.4114,10.0328,13.5189
18a9f795-f88c-43ac-8551-126994acf751,2025-08-16T17:47:42.476401,8.0,17,2,1.11,0.73,Berlin,11.4884,16.9483,22.0784
7bb7fb30-f464-4c23-90aa-3e410e985d64,2025-08-16T17:47:42.539709,4.18,17,3,1.39,1.1,Munich,9.8698,14.0199,19.8803
9359acb9-3396-463a-8f9a-9c456ba37f3f,2025-08-16T17:47:42.614574,4.35,18,3,1.05,0.57,Munich,13.6874,19.7587,26.6475
8e2af4df-7ee2-4ae2-bd0e-710dbb054c0e,2025-08-16T17:47:42.663768,1.26,8,1,1.2,0.62,Berlin,3.0889,6.9891,8.508
c8f06f47-967d-41bb-809b-f256bb05ec42,2025-08-16T17:47:42.741681,2.27,12,5,0.93,0.86,Berlin,5.2118,6.8816,9.2011
01dd84f9-3d3d-4f99-b4d2-a6e331063e2b,2025-08-16T17:47:42.805590,3.95,9,2,0.78,1.21,Berlin,6.5508,7.6499,11.2473
7ea59c0b-1801-4b1a-90aa-3dcc755ed9bb,2025-08-16T17:47:42.884243,2.43,8,6,1.14,1.18,Berlin,4.806,6.0779,9.8998
cdb95640-9d1d-4587-8a3a-7e3a623a4e7d,2025-08-16T17:47:42.949831,5.53,8,0,1.08,0.88,Berlin,9.2662,13.5995,19.3532
c3fd1c6e-f6ab-4b70-a2cf-57a0929c2582,2025-08-16T17:47:43.010873,0.8,17,2,1.27,0.6,Munich,2.9969,3.7832,7.6949
aec40a62-132a-4be4-b5a9-4285dfc842cb,2025-08-16T17:47:43.074656,3.5,21,3,0.98,1.18,Munich,5.8528,7.28,11.6809
2c55f9f9-906f-4341-9ba7-404a5615bc83,2025-08-16T17:47:43.137680,1.93,18,2,1.14,0.67,Munich,6.4879,8.9609,11.0701
6ea81fe0-6df7-4314-8283-2aca6c68bce9,2025-08-16T17:47:43.188870,8.65,17,3,1.06,0.71,Berlin,11.4384,16.7143,21.8919
f9406377-99fd-4148-ae9e-3ec96f90c84e,2025-08-16T17:47:43.250084,5.59,12,0,1.38,1.31,Berlin,9.0658,12.274,17.4721
e831b550-f5d6-404e-b5a3-8e51d2816314,2025-08-16T17:47:43.316842,4.19,21,3,0.72,0.94,Berlin,7.1078,10.4066,12.0197
c8e584b3-a85d-4054-a82e-e59f63d43356,2025-08-16T17:47:43.383486,4.97,12,4,1.02,1.06,Munich,7.8731,10.9889,14.9673
c3a0aadf-3f05-4005-8868-d4f0e421f7b9,2025-08-16T17:47:43.447381,5.48,12,1,0.86,0.81,Berlin,8.6783,12.2932,17.1257
17d139bb-ef69-45b5-b42a-0359c617c3f0,2025-08-16T17:47:43.504259,7.96,12,2,0.78,1.32,Berlin,5.792,8.4936,12.911
d108fbdd-fa19-4675-a10e-8c833545cf0e,2025-08-16T17:47:43.584899,5.64,9,2,1.2,0.82,Berlin,11.4268,16.8153,21.6956
1a71fd18-2055-4a45-8e11-06ef8c12f49a,2025-08-16T17:47:43.664531,3.64,8,5,1.43,0.95,Munich,10.0286,14.7428,18.7872
14538f95-96f4-4270-b196-8d8ec9cf370e,2025-08-16T17:47:43.743109,3.99,18,4,1.11,0.78,Berlin,11.0736,14.3905,20.09
653a5aac-1ac0-472f-a637-7fcb76e4b1b9,2025-08-16T17:47:43.807004,6.35,17,3,1.2,1.12,Munich,9.1304,12.4735,16.9058
abadba8b-07f1-4081-a96e-62d5e43cdbb1,2025-08-16T17:47:43.885817,5.0,17,1,1.52,0.52,Berlin,19.6039,24.9821,37.9633
1d8e0df7-b973-4a93-8d3a-d4893f15aab0,2025-08-16T17:47:43.950381,3.19,9,4,0.74,0.58,Berlin,7.9367,9.986,13.6002
9343b392-62cf-478f-869c-d1a5d118fcb0,2025-08-16T17:47:44.000935,1.43,17,1,1.85,0.4,Munich,12.0306,14.1796,20.6846
380b716b-e616-47ea-a3af-580a08c87d34,2025-08-16T17:47:44.076764,4.21,12,0,0.5,0.97,Munich,5.3952,7.3676,10.8437
46f95789-0d78-4f1d-8510-4796d67cf73f,2025-08-16T17:47:44.156387,3.53,18,3,1.2,0.87,Berlin,8.7712,13.522,16.5704
bc8e0e4c-681d-436b-8279-9f6c1a33272d,2025-08-16T17:47:44.209178,3.99,12,4,1.17,1.28,Munich,7.6977,9.5947,13.4269
3a7a76d5-532c-4bb4-9515-b1ad4a73a513,2025-08-16T17:47:44.267720,5.13,8,1,1.16,0.83,Munich,10.4885,15.7722,20.8155
bc7b3fd4-b012-4662-9850-d8818bdd3931,2025-08-16T17:47:44.331051,2.54,17,1,1.65,0.7,Berlin,12.7334,17.4493,22.1092
800377a7-c857-44e7-8b2e-04455035c768,2025-08-16T17:47:44.411791,3.0,17,2,1.23,0.87,Berlin,9.0356,11.1767,14.466
7cd00baf-4ad6-4c13-b85a-377470c314d2,2025-08-16T17:47:44.475449,6.09,21,4,0.54,1.15,Berlin,5.3939,7.6625,12.6042
eba027c1-c1fb-43a1-ae12-9e19420d14dc,2025-08-16T17:47:44.552965,4.99,12,2,1.01,1.02,Munich,8.5227,11.2551,15.0746
c7227ead-b82e-4382-9861-aa94bd469f77,2025-08-16T17:47:44.615695,6.28,18,1,1.34,0.87,Berlin,11.3903,17.3395,22.0782
de74be94-24b9-46fd-a2fc-c7cbf3c69a7d,2025-08-16T17:47:44.665348,5.64,9,3,1.2,0.83,Munich,11.4481,16.8659,21.3782
c7976d29-1eea-4b22-9ac6-b39a831d41dc,2025-08-16T17:47:44.731375,5.49,8,4,1.63,0.9,Berlin,13.1343,19.4658,26.7495
929139bb-3524-43cb-a672-13e6f9c80e1b,2025-08-16T17:47:44.807477,3.1,8,5,1.36,0.85,Munich,9.8065,12.8156,16.6047
2e042237-52a7-438e-8805-f2f70a678a57,2025-08-16T17:47:44.858448,4.77,21,3,0.69,1.49,Munich,4.5538,7.7437,12.4299
03e196c9-1d4b-48eb-84d4-ca141c1a5e96,2025-08-16T17:47:44.931679,5.04,17,0,0.88,0.8,Munich,8.858,12.7477,18.3829
9462c87e-aaba-4905-801e-506019bca3b9,2025-08-16T17:47:44.995431,3.97,9,2,1.58,0.64,Munich,16.1384,22.1647,32.8645
57cbee14-8d2f-4c4d-98c6-97e2a7f38e03,2025-08-16T17:47:45.058959,8.76,17,2,0.96,0.93,Berlin,8.5417,12.275,15.4105
f8896849-76f4-4016-a1b9-2eb857d77146,2025-08-16T17:47:45.137874,3.75,18,0,1.4,0.69,Berlin,13.427,19.0916,26.4338
599bd5ec-14c4-4d99-8675-d8392f6fc85e,2025-08-16T17:47:45.217313,5.73,21,3,0.97,0.92,Munich,8.7119,12.5983,15.4815
96db9ca7-cfb2-4cd6-8580-836d55bfa58e,2025-08-16T17:47:45.284523,3.52,8,1,1.29,0.78,Munich,9.834,15.5575,18.7904
02debce8-4a1c-4f37-b159-d21ddea23a4d,2025-08-16T17:47:45.364787,7.13,18,2,1.31,0.9,Berlin,11.3305,17.0302,21.9018
bb452eab-5376-4e40-9b2a-8bbe3581dd40,2025-08-16T17:47:45.432828,7.4,9,4,1.34,1.18,Berlin,9.7221,12.7945,18.4974
8ea6776b-a4d0-4a0f-99d5-bd05f839c26b,2025-08-16T17:47:45.503246,3.07,17,5,0.99,0.69,Berlin,10.1022,12.4938,15.6486
0e619039-b466-4490-9540-e9ee697b9ed3,2025-08-16T17:47:45.569855,5.47,9,3,1.09,0.94,Berlin,9.357,13.0348,18.4563
8ed02060-a250-4f9d-91ff-819e491db4ee,2025-08-16T17:47:45.638616,3.28,18,3,1.9,0.87,Berlin,12.794,17.4831,28.7264
792165dd-6e7d-41c3-900b-ed2a93c2f367,2025-08-16T17:47:45.707257,8.26,12,0,1.01,1.41,Berlin,6.22,9.681,13.449
f416c08e-372f-4308-b2d4-8ae27a02cc62,2025-08-16T17:47:45.769135,4.24,9,4,1.16,1.0,Berlin,9.4904,12.9744,18.4061
327afa44-0f5e-4e9a-a624-d981d0be2824,2025-08-16T17:47:45.820003,7.98,17,2,0.94,0.64,Berlin,11.5092,16.7021,21.7747
ed4bec8c-d88d-4917-88e5-95dd5c2cabb2,2025-08-16T17:47:45.870248,5.41,18,6,1.46,0.63,Berlin,16.0063,23.7581,32.9907
9707a9ad-edc6-428f-8efd-4958050dd133,2025-08-16T17:47:45.938639,4.4,18,2,1.27,1.05,Berlin,9.7501,13.7975,19.5065
5f151304-6776-441b-b8ec-0026b025b3df,2025-08-16T17:47:46.004611,1.19,21,6,0.6,0.91,Berlin,3.0,2.7724,4.0027
5b0118bf-5c4f-49e9-b918-d51be0ac2568,2025-08-16T17:47:46.068006,6.39,21,1,1.1,0.97,Berlin,9.3757,12.9601,18.6937
6a7f16fa-f042-4acf-a697-ead9f91a900a,2025-08-16T17:47:46.131674,5.54,21,0,0.99,1.04,Munich,7.5788,11.3551,14.935
f66359a8-761c-4b8b-a6d3-e81ef82d5687,2025-08-16T17:47:46.207383,5.32,12,5,1.09,0.99,Munich,8.8788,12.2032,18.3757
e76965fb-b7e5-4ebc-8647-ee2d7a87256f,2025-08-16T17:47:46.271169,4.02,17,6,1.11,0.73,Berlin,11.4747,16.3616,21.0097
c093bf3a-2c34-4b9b-bcb1-d86ac04a40e2,2025-08-16T17:47:46.334753,5.77,12,3,0.88,1.16,Berlin,7.1325,9.9007,13.7022
e25b65a8-d6bb-4f65-b91f-19d70c1ad969,2025-08-16T17:47:46.413682,7.49,17,5,1.2,0.5,Munich,16.6195,24.3147,32.4752
6b8391f9-1cca-4f10-b1fd-b0581e260912,2025-08-16T17:47:46.461332,5.92,8,1,1.11,0.7,Berlin,11.2993,17.0635,21.7668
0218adb3-dce5-4c19-8647-735a2d0d5faf,2025-08-16T17:47:46.541205,4.7,8,6,0.91,1.02,Munich,7.474,10.7862,14.5322
c5bcb88f-93ed-4ea6-b8a0-9bf59f988e8b,2025-08-16T17:47:46.591205,5.65,12,1,0.73,1.48,Munich,4.7657,7.3771,12.5516
01f0a579-c696-443c-91a5-b4315824e6f3,2025-08-16T17:47:46.668884,3.44,8,6,1.26,0.94,Berlin,8.5336,12.5085,16.3081
3e66c303-b9a2-4475-a44c-8841539e645f,2025-08-16T17:47:46.716759,7.92,12,2,0.86,0.95,Munich,7.4861,11.0276,14.9772
5a0a8739-65e6-4132-8ba9-8a6ea1d13442,2025-08-16T17:47:46.764582,5.83,9,0,1.01,0.86,Berlin,9.386,13.3391,18.7676
d9721e1c-a2f5-4bf0-bcd4-483e2e5c0f0d,2025-08-16T17:47:46.828727,6.68,17,5,1.21,0.67,Berlin,12.916,18.8583,26.1925
b689d131-47a8-4fca-8ed1-1cefb96d4efa,2025-08-16T17:47:46.876244,6.29,12,4,0.53,1.23,Berlin,5.3635,6.467,12.5233
d22734e0-2900-4bce-9948-8abca7401d17,2025-08-16T17:47:46.939456,3.62,9,1,1.23,0.91,Munich,8.7124,13.4772,16.2919
72beef12-2a16-4fe3-975c-66b84fcc82ac,2025-08-16T17:47:47.002686,1.38,21,5,0.74,0.92,Berlin,2.8003,3.1091,4.9228
4b93dd89-5b2d-42c9-96c1-2864a2bca027,2025-08-16T17:47:47.083124,4.63,18,1,0.94,0.67,Berlin,10.4547,15.9507,21.2058
22802db0-fbcb-43b4-b46c-ede9864a91cc,2025-08-16T17:47:47.146980,5.7,21,4,0.89,1.42,Berlin,5.6398,9.6754,13.3503
fe96a6b2-2616-4ebc-8b20-42af7b08f331,2025-08-16T17:47:47.210195,3.87,8,6,1.18,0.9,Berlin,10.0803,13.4103,19.419
d167d749-6628-4bd0-a65e-5d6d778aa120,2025-08-16T17:47:47.285748,3.49,8,4,0.72,1.0,Munich,5.644,6.3799,10.2353
8b05aea5-dbef-4183-aa5e-c6ab0bbd0970,2025-08-16T17:47:47.350113,6.78,8,5,1.05,0.41,Berlin,16.0493,25.2719,32.298
65960bae-c95b-4269-9d1f-a3dc9b4199ab,2025-08-16T17:47:47.414883,6.11,8,1,1.24,0.69,Berlin,12.6715,18.877,25.8486
2b792d35-8054-47c2-b703-2e7606b271f8,2025-08-16T17:47:47.500121,1.89,18,1,1.29,0.4,Munich,13.7844,15.8133,19.7311
b44f852c-3c5d-46f9-aec4-e0cb987b6d8e,2025-08-16T17:47:47.583552,6.46,9,2,1.33,0.83,Munich,11.4481,17.3134,21.7967
fcc56a42-14c6-49a7-81f6-a0b05aa3807e,2025-08-16T17:47:47.664257,6.5,21,3,0.84,1.42,Berlin,5.0816,9.1227,12.9859
a7270274-44f9-4f16-b1d1-1f4098780eed,2025-08-16T17:47:47.728529,2.54,9,3,1.2,0.95,Munich,6.456,8.8314,13.325
37463269-767b-4212-a113-4449b915f3b3,2025-08-16T17:47:47.792366,4.09,21,3,0.91,1.52,Berlin,5.1035,8.7501,11.7469
9dadf1e1-f643-477c-b683-8fada7aa0194,2025-08-16T17:47:47.855879,5.49,12,5,0.68,1.17,Berlin,5.7736,8.5424,12.5233
9e9e51e4-48f1-42de-90e4-df3a57c1b74d,2025-08-16T17:47:47.919852,6.14,17,6,1.46,0.46,Munich,19.8802,25.8792,37.7002
a29dfc8a-4151-4d51-afab-316f6d39e0a0,2025-08-16T17:47:47.985198,3.98,12,5,0.86,1.03,Berlin,7.173,8.3991,12.0882
2805cadf-3ca1-42e3-a958-449e290bde62,2025-08-16T17:47:48.033534,6.42,9,1,1.2,1.08,Munich,9.6334,12.8603,18.0926
d5aa40a4-1a6e-40f1-b22a-98e7653b3d48,2025-08-16T17:52:59.925914,3.74,8,6,1.13,0.76,Munich,11.1654,14.6989,17.5739
4a6faf6b-6c00-4c33-b848-ac7090f3e66c,2025-08-16T17:52:59.983276,4.03,9,1,1.35,0.8,Munich,11.4481,17.0717,21.6531
dd1547dd-5d6b-4134-a9a7-e8013952fab9,2025-08-16T17:53:00.031149,7.7,8,4,1.28,0.84,Munich,11.4481,17.0826,21.5036
7ee005c8-e6fa-4d3b-814c-a8a07cd695de,2025-08-16T17:53:00.078718,6.05,18,5,1.3,0.89,Berlin,11.3169,17.1056,21.9156
f0b67bf1-2ed4-4920-ab00-2af5bdfe13ce,2025-08-16T17:53:00.126671,6.41,17,3,1.32,0.83,Berlin,11.4455,17.228,22.2128
a157f3bb-4303-476c-86bf-eacd36a86432,2025-08-16T17:53:00.190106,5.6,12,2,1.07,1.24,Munich,7.3839,10.4671,13.8385
f2ef3143-ad88-497a-a828-e599d2eb8e58,2025-08-16T17:53:00.237935,6.33,12,1,0.88,1.07,Berlin,7.2053,9.9007,13.727
02407402-3a32-4649-abae-08b1911cde1c,2025-08-16T17:53:00.287416,5.99,9,0,0.83,0.63,Berlin,10.2119,14.7539,20.0692
8db3d270-e771-43ac-aebd-f6d5be58b2a5,2025-08-16T17:53:00.338088,3.35,12,1,0.98,1.23,Munich,5.7597,7.2063,11.2638
b215cf84-8580-470b-9f16-3423344de468,2025-08-16T17:53:00.402861,3.37,17,6,1.09,0.52,Berlin,12.8219,18.7469,27.1443
15b61cd1-fe44-48de-b99f-0b9e13ffeb7e,2025-08-16T17:53:00.453657,4.19,8,0,1.5,1.0,Berlin,11.2881,16.1962,22.0865
96ebe0e8-368d-4cfd-9c41-377c31e02276,2025-08-16T17:53:00.503778,3.78,21,4,0.75,1.14,Munich,6.3202,7.0115,10.5823
f822eeaf-ff3b-46fe-aec6-01750bd257d4,2025-08-16T17:53:00.554070,5.16,8,6,1.34,0.72,Munich,13.7877,19.1725,25.5855
4b31ac9f-7ca7-4a53-b402-22278b95300e,2025-08-16T17:53:00.604910,5.44,12,1,0.89,1.24,Munich,7.1343,9.51,13.0947
6410f351-a951-48d6-89d9-5f7586ca611b,2025-08-16T17:53:00.671298,4.52,18,3,1.5,0.92,Berlin,11.3068,17.3512,24.0138
38e11b8c-2a47-4c48-a510-865831047207,2025-08-16T17:53:00.750111,3.96,12,4,1.15,1.42,Munich,6.3838,8.9117,12.2758
154ae34b-2b6d-4a9a-b62c-d701906df99a,2025-08-16T17:53:00.801488,7.02,8,2,1.59,0.96,Munich,11.311,17.7384,23.3339
bf1b1c93-ceb5-41f7-b0ea-1a8f4b1a124f,2025-08-16T17:53:00.866999,4.46,21,6,0.6,1.05,Munich,5.8086,8.9053,12.3411
68f5e90c-8924-4aed-a1d1-5e9be9f29b8c,2025-08-16T17:53:00.925887,6.98,18,6,1.22,0.52,Berlin,16.4772,24.2803,32.6842
76b17c3d-6995-4cce-a833-06b32fbb0021,2025-08-16T17:53:00.985910,4.72,21,6,0.64,0.99,Berlin,6.3583,9.4883,12.6866
fc500c38-9864-41bb-aaf9-794c4f543932,2025-08-16T17:53:01.048536,5.02,8,0,1.43,0.68,Berlin,14.0295,21.2725,31.202
b208e106-f22e-49c6-8b23-fa9beb56d2a5,2025-08-16T17:53:01.102664,6.38,21,3,0.72,1.24,Berlin,5.9926,8.9471,12.9141
732779bf-aa90-4fc9-b542-f9431448dc06,2025-08-16T17:53:01.167758,5.08,12,0,0.73,0.72,Munich,8.6621,11.8775,14.6445
df403f04-3509-4c21-9024-97c9d6466d35,2025-08-16T17:53:01.230026,3.82,8,0,1.04,0.61,Munich,11.3263,15.9705,18.9682
13b39b19-ed17-4d8d-a40a-da1495ce0508,2025-08-16T17:53:01.287647,6.06,18,1,1.32,0.61,Munich,14.1906,21.851,29.817
4439b820-d0e0-477a-ab07-276e1dae7546,2025-08-16T17:53:01.340284,3.55,21,6,1.09,1.32,Berlin,5.728,7.2372,11.8109
56c551f7-42b3-471b-8d1f-5f8341abedf4,2025-08-16T17:53:01.389297,4.85,17,2,1.22,0.9,Munich,10.3647,15.6413,20.9316
faab04af-24e6-4398-ba17-80cf04781ad6,2025-08-16T17:53:01.440657,5.4,12,2,0.68,1.19,Berlin,5.7872,8.5424,12.4161
8a6ce2ed-d405-4933-9836-e6abda456a1e,2025-08-16T17:53:01.504381,7.83,9,0,1.32,0.93,Berlin,11.2881,15.8503,21.0214
79175bcb-d68b-41da-9949-4d63dc812986,2025-08-16T17:53:01.568148,6.72,17,5,1.05,1.21,Munich,7.4315,10.4632,14.5216
fbf392cd-bfb7-477f-8428-ed73e078178c,2025-08-16T17:53:01.624444,4.64,21,1,0.6,1.05,Berlin,5.8179,8.9272,12.497
b4fd551d-c2a7-406f-b47a-a6cb7d1ff817,2025-08-16T17:53:01.687974,8.01,9,2,1.21,0.62,Berlin,14.2689,20.6862,28.6461
ce7d06ed-b711-4c86-9cc5-4a97a5e713a0,2025-08-16T17:53:01.750407,3.02,9,1,1.08,0.55,Munich,12.468,16.8308,25.2284
7c7b76c5-8b38-435f-8911-a6a9896f7c79,2025-08-16T17:53:01.818773,9.09,21,5,0.79,0.99,Berlin,7.1317,10.2545,13.4375
79542b94-5fa7-4dd9-ad33-26333b5f59fb,2025-08-16T17:53:01.882425,9.31,12,1,0.58,0.99,Berlin,5.7417,8.4813,12.4161
425c7692-d729-4a5a-87e2-6e9a2760db1f,2025-08-16T17:53:01.944388,7.24,17,5,1.42,0.66,Munich,14.4164,21.3701,30.6253
50cff2f8-cb30-4880-961f-8a32d5e63860,2025-08-16T17:53:01.997845,4.83,18,6,1.2,0.77,Berlin,11.4319,17.6163,22.1697
4f4af6ce-2fa5-4b49-ad73-dee21ba9473a,2025-08-16T17:53:02.067473,5.93,17,3,1.46,1.02,Berlin,11.3068,16.1817,22.5549
a83ac4a7-df36-4061-b464-eaad2d265559,2025-08-16T17:53:02.132935,2.19,21,1,0.68,0.76,Berlin,4.1025,5.3796,7.4853
0c94faec-f84f-422c-8fea-444a6a4fe29a,2025-08-16T17:53:02.182392,4.0,17,4,1.4,0.66,Berlin,14.2749,19.9158,30.8884
48a129ec-4a11-425d-948d-742e15b90df9,2025-08-16T17:53:02.232621,3.51,9,6,1.16,0.69,Munich,10.3796,15.5418,18.6636
a27fdfb0-3f3b-49cd-9fba-63244d61d8b4,2025-08-16T17:53:02.280456,6.6,8,3,1.2,0.96,Munich,9.8435,14.1026,19.3265
393acd35-6618-4443-90c7-309b4e5ec745,2025-08-16T17:53:02.328400,5.74,21,6,0.87,1.03,Berlin,7.2875,10.6826,14.0056
dc33e641-78cb-48c6-bebe-c6f96e07d105,2025-08-16T17:53:02.376593,3.72,21,6,1.03,1.25,Munich,7.0258,8.0579,11.6809
df2a3e97-20cb-4c95-980c-2016172412fb,2025-08-16T17:53:02.424555,0.8,17,4,1.23,0.71,Berlin,2.9969,3.7413,5.4364
d608a0f0-02c6-4964-9890-068240540e2f,2025-08-16T17:53:02.456234,5.76,21,5,0.89,1.03,Berlin,7.2875,10.6805,14.0056
0cc41989-a2e6-4784-ba80-82e4cb7671d7,2025-08-16T17:53:02.503577,4.01,17,2,1.3,0.64,Berlin,14.2749,19.8875,28.7289
323387a0-fbac-4c70-bbb8-2156c7750c75,2025-08-16T17:53:02.551268,3.45,18,1,1.62,0.89,Munich,11.5588,17.1498,23.4191
d17d6df1-7238-4956-a427-ade46f1a0114,2025-08-16T17:53:02.616387,7.48,8,5,1.12,0.87,Munich,9.5517,14.3554,19.3543
0650d431-5a05-43b5-af63-ecdd08c9e7cb,2025-08-16T17:53:02.679884,7.3,8,6,0.89,0.69,Munich,9.9972,14.5761,19.2454
5d101aaa-2d90-40e0-810e-1186e2069f87,2025-08-16T17:53:02.727527,6.63,17,5,0.84,0.6,Munich,10.688,15.6156,20.4982
ad01be10-ef79-4f48-85db-64387a2b9668,2025-08-16T17:53:02.777077,6.21,17,4,0.98,0.67,Berlin,11.5894,16.7021,21.8122
77ab3c57-d83f-482b-9f97-c2b487f0d0b8,2025-08-16T17:53:02.823495,3.52,21,6,0.88,0.87,Berlin,7.0139,9.7643,12.8342
80496272-aee9-4198-85df-d50034e89894,2025-08-16T17:53:02.871354,2.24,18,5,1.2,0.81,Berlin,7.676,9.4702,11.8109
aaf57ddc-134d-414c-9d0b-8f740881bdd7,2025-08-16T17:53:02.903497,7.19,9,4,1.29,0.49,Berlin,16.4387,24.8053,32.7383
99f523f2-6efe-409d-95ac-9be8dc57748b,2025-08-16T17:53:02.951609,5.52,21,3,0.82,1.14,Berlin,7.1394,9.9225,13.0683
81ad3245-e6b4-4168-af04-39cfa0c9d2ea,2025-08-16T17:53:02.985487,4.42,17,4,1.16,0.55,Berlin,14.3373,21.9435,30.7214
92066e76-7e6a-49a9-ba04-a609b8919e55,2025-08-16T17:53:03.017774,1.97,17,3,0.91,0.89,Munich,4.1805,5.6973,7.5786
825e4a30-a327-4008-a9a8-9130c594f9de,2025-08-16T17:53:03.068244,5.14,21,5,1.33,1.04,Munich,9.8734,14.5535,19.638
cdd27ae6-de0e-4451-a7ee-5e9fbf7c2f70,2025-08-16T17:53:03.129923,4.65,18,4,1.72,1.01,Munich,11.322,17.5839,23.6455
f3a67d22-5861-4e2c-8924-f31f4205c753,2025-08-16T17:53:03.171171,4.56,8,6,1.07,0.9,Berlin,9.3172,13.2638,19.1849
43bcc589-67b5-4e3d-a419-c3cb466afe74,2025-08-16T17:53:03.221493,4.76,8,2,0.73,1.0,Munich,7.0908,9.502,12.4385
b308a35a-0e93-40bc-906b-9e8e1370d9e7,2025-08-16T17:53:03.272304,3.73,9,3,1.11,1.21,Berlin,7.263,8.8092,12.8476
7e0c90bd-678c-4629-a6f6-003855557a00,2025-08-16T17:53:03.336188,7.85,21,2,1.2,1.05,Berlin,9.7501,13.422,18.8089
5d5da570-9e9c-482a-8348-4e6b793e6370,2025-08-16T17:53:03.401033,7.14,21,1,0.99,1.18,Munich,7.3243,10.5542,13.7264
f81be090-730d-43cc-8a80-b5041827801a,2025-08-16T17:53:03.452606,1.37,8,6,1.17,0.94,Berlin,3.9315,4.7972,6.4805
4407ed23-c5f8-4cdc-9735-929ab098ce84,2025-08-16T17:53:03.495504,6.09,8,1,1.33,0.81,Munich,11.4481,17.5639,22.3219
5f29169a-5ba1-4671-9828-5c7bb1cf8901,2025-08-16T17:53:03.542146,3.31,21,6,0.65,1.05,Munich,4.8661,5.9879,8.5763
258a3ce6-ae90-4afb-be78-acbf6b626db9,2025-08-16T17:53:03.598985,5.06,9,0,1.24,0.51,Munich,16.3826,24.5673,32.4752
3a97bb39-1952-4c8b-9d7f-d02323f335cb,2025-08-16T17:53:03.665119,2.69,21,3,0.9,0.7,Berlin,7.2033,9.3171,13.4397
28fa34a6-1702-4c69-85b6-8c357c50df3b,2025-08-16T17:53:03.712631,7.36,12,6,0.62,1.16,Berlin,5.5566,7.5276,12.5233
ac44270d-bc5f-42f0-bf50-fe7f8cd054bd,2025-08-16T17:53:03.760738,6.98,9,4,1.07,0.9,Munich,9.3521,13.3144,18.9218
e6cb635d-67da-4d51-96d5-24293b4342dc,2025-08-16T17:53:03.808551,7.74,8,4,1.38,0.63,Berlin,14.984,21.2725,31.3323
aa0e495b-10b7-4977-8347-8e56e94e6147,2025-08-16T17:53:03.855847,6.19,18,5,1.05,0.4,Berlin,16.0347,25.3358,32.298
58d4cec4-4e00-44d0-bfc6-97ad2bd7634e,2025-08-16T17:53:03.903585,6.74,17,4,1.27,0.69,Munich,13.8211,19.1915,25.9294
0f7f1573-4412-495f-b0d0-71415b02e237,2025-08-16T17:53:03.951414,6.31,8,4,0.97,0.6,Munich,11.5858,17.327,21.5586
48b29a5a-2732-4602-b82c-035993cb160f,2025-08-16T17:53:03.999371,5.46,21,4,1.03,1.17,Munich,7.5554,10.8704,14.4419
a098055f-223b-4c1d-80a5-b48dfc60298e,2025-08-16T17:53:04.047186,2.17,17,3,1.38,0.92,Berlin,7.4039,8.721,11.5596
7cfcf79c-98c3-4cb2-8bbf-9714318b0d4b,2025-08-16T17:53:04.094656,4.4,12,4,0.62,1.13,Berlin,5.6303,7.9954,12.5233
8196454b-3e66-4bd3-8f76-c965980dfb71,2025-08-16T17:53:04.142393,4.11,8,0,1.24,0.85,Berlin,11.4268,16.1527,20.9962
bf80812e-7d5f-4674-a55d-23eadf84dd24,2025-08-16T17:53:04.189703,5.59,21,0,0.9,0.99,Berlin,7.4835,11.1663,15.1068
36c88bee-6f3d-4d4c-aff8-7353da3e5ca7,2025-08-16T17:53:04.252774,6.02,17,4,1.6,0.99,Berlin,11.3068,17.3096,23.3402
4d876f89-4c59-4bde-9efc-9ec386e4a9d4,2025-08-16T17:53:04.300455,4.3,21,5,0.66,1.54,Berlin,4.4953,6.9583,12.693
f31bb3f7-aae7-424f-aa6f-8f74d1cff9e7,2025-08-16T17:53:04.334132,6.14,21,4,0.77,1.09,Berlin,6.7966,9.5697,13.0683
1c7f2bc0-0c17-455c-869f-e2c4a2cd7cc6,2025-08-16T17:53:04.380152,6.19,12,0,0.7,1.01,Munich,6.4248,9.1003,12.5127
3bf7d5d5-d637-4ffc-8c7f-77325c2d6a65,2025-08-16T17:53:04.443783,2.53,12,0,0.74,0.85,Berlin,4.4711,6.0224,9.4437
f997884f-f6ad-4bc4-8eab-72459a9690ed,2025-08-16T17:53:04.491833,5.39,17,2,0.97,1.09,Berlin,7.5788,10.9053,15.1981
50e4a6cb-b9fd-4f9a-ab85-b0fbe334b46a,2025-08-16T17:53:04.539970,5.32,18,1,1.18,0.85,Munich,10.4996,16.059,21.0837
0d729321-b5c9-4963-8575-4d9c389f39db,2025-08-16T17:53:04.587723,4.72,17,1,1.28,0.4,Munich,20.0445,25.9745,36.4776
8feecece-6392-4493-bba1-f2f888c44ca9,2025-08-16T17:53:04.635222,2.32,12,4,0.71,0.82,Berlin,4.2265,5.3633,7.6376
37713829-a8e7-47f4-afd2-7aa7fac94251,2025-08-16T17:53:04.683941,4.2,17,5,1.14,0.59,Berlin,13.9909,20.3771,28.7047
9ef3361c-f0f1-438a-9837-4a05a4e5e721,2025-08-16T17:53:04.746554,4.88,18,1,1.25,0.9,Munich,10.6702,15.9871,21.0698
ecfbef5f-48d4-4973-93e3-73b70921fa1a,2025-08-16T17:53:04.794184,5.23,9,3,1.04,0.86,Berlin,9.386,13.5995,19.2606
88f68063-6ee0-4a9b-afb0-5f568c1e6ee3,2025-08-16T17:53:04.842417,6.61,8,4,1.19,0.72,Munich,11.844,17.6549,22.3219
f8ab5d18-f7d6-4660-8e2b-0ebeeef4dba6,2025-08-16T17:53:04.876847,7.1,9,6,1.3,0.92,Munich,10.8903,15.5037,20.7583
1b860159-9536-4e10-a8ca-3aadf2fa5430,2025-08-16T17:53:04.923128,7.01,8,1,1.11,1.05,Munich,8.7509,11.9273,16.5029
cbc1d0f1-5fb3-465c-a452-c1ec0854f6d5,2025-08-16T17:53:04.971022,5.31,12,6,1.38,1.1,Berlin,9.8129,13.9737,21.1561
2b62d406-d7a0-4422-8bbe-d2f65d1344c8,2025-08-16T17:53:05.018786,3.61,18,3,1.2,0.42,Munich,18.4222,23.5796,29.3403
cc2ec000-0f68-4b23-998e-1becbcb8ebc5,2025-08-16T17:53:05.082665,6.19,21,5,0.58,1.37,Berlin,4.5135,7.0237,12.6042
df0330af-7baa-409d-a664-fd7957a87275,2025-08-16T17:53:05.130836,5.3,9,0,1.34,0.84,Munich,11.4481,17.234,21.5036
089e6601-9354-4805-b78f-7cf126702c19,2025-08-16T18:02:54.396442,2.65,17,4,1.34,0.79,Berlin,8.9505,12.1798,17.2097
ffd83fe5-c5e8-47c1-bd90-8e8476c79b36,2025-08-16T18:02:54.460176,1.9,18,2,1.26,1.0,Berlin,4.852,5.954,8.3935
dc7b1e2b-780e-40af-befa-fcfb7172761d,2025-08-16T18:02:54.524005,4.34,8,2,1.28,1.08,Berlin,9.7221,13.1709,19.1949
f8f3dccd-b2a4-4623-ae10-48f504d31591,2025-08-16T18:02:54.563300,4.1,12,0,0.76,1.2,Berlin,6.568,8.6089,11.2689
0035b0af-ee74-48d1-8f01-3c44abca76a3,2025-08-16T18:02:54.604869,1.11,12,0,0.65,1.04,Munich,3.0,2.8453,3.0561
3d982c0b-bf4d-4003-a1d1-cbb94ec9e1ab,2025-08-16T18:02:54.647712,4.14,9,3,1.43,0.48,Berlin,19.8459,25.8925,37.9633
f45fc7f3-e3b6-4f18-ba42-32c228e0f99d,2025-08-16T18:02:54.715027,4.84,8,0,1.32,0.74,Munich,12.5431,18.7283,25.5855
4ee8621c-84e3-47cc-9376-cc2d34e60ee9,2025-08-16T18:02:54.778044,5.93,9,5,1.18,0.87,Munich,10.1143,15.6928,20.6339
f2a41a6e-fe6e-4106-b865-e89367d776fd,2025-08-16T18:02:54.841030,4.73,18,4,1.1,0.97,Munich,9.391,13.0108,18.4306
5a3b7ee6-be8d-47f7-aebd-1c6f44e24ffa,2025-08-16T18:02:54.904489,2.75,17,1,1.2,0.68,Berlin,10.5726,13.5396,18.8457
5c3119f2-9734-4507-be1d-b766f4f587a6,2025-08-16T18:02:54.968754,6.81,12,6,0.72,1.16,Munich,6.5288,9.1216,12.5701
459ef80f-cea6-4728-a89c-ef0e854d4a65,2025-08-16T18:02:55.031557,3.66,21,0,0.91,1.21,Munich,6.8847,8.0301,10.9921
0657d7aa-9f35-4dee-866a-b5d76bbcb75c,2025-08-16T18:02:55.094684,3.71,17,3,1.12,0.4,Berlin,18.6475,23.4549,29.2135
43d681c5-b729-47cd-b8c5-a261f5c813c0,2025-08-16T18:02:55.152812,4.09,8,4,1.13,0.61,Munich,13.5269,18.4059,25.625
9d5224e8-d9fe-412d-9882-028a2471cc04,2025-08-16T18:02:55.204275,6.01,12,4,0.93,1.31,Berlin,6.7643,9.4509,13.4258
be3f7056-e089-45c3-9410-ac3b1c42ee8a,2025-08-16T18:02:55.256514,4.79,9,3,1.48,0.75,Munich,14.2754,20.6078,29.1914
cf33d537-e2f3-40fb-882a-136eaf8a7da2,2025-08-16T18:02:55.318961,6.35,21,0,1.01,1.08,Berlin,7.5714,11.3689,15.1981
76f0011c-b9b5-48c3-99ce-7e08644ce9f8,2025-08-16T18:02:55.372857,5.82,21,6,0.92,1.25,Berlin,7.1469,10.3131,13.6181
298b7380-cc50-4438-b2a9-4313245b5ba4,2025-08-16T18:02:55.435750,3.29,21,1,0.89,1.14,Berlin,5.2283,6.7808,9.6833
efebf906-9ebf-408e-84f9-1741d97f1bba,2025-08-16T18:02:55.486186,7.09,18,3,1.18,0.59,Munich,14.2042,21.1618,28.727
e9761e1d-b269-4c1e-a5d0-a25abcf36967,2025-08-16T18:02:55.530444,4.99,21,3,0.84,1.01,Munich,7.2333,10.1773,13.1744
e4267049-b61f-4493-86f4-b5fd8313f287,2025-08-16T18:02:55.583392,6.5,8,1,1.29,0.4,Berlin,19.9747,25.8641,36.7407
f77e32e9-a72e-4b74-bab3-e02ad026e29e,2025-08-16T18:02:55.635463,8.35,12,6,0.92,1.04,Munich,7.474,10.8676,14.3313
111dc6ee-3601-42c7-9745-98c839830ab3,2025-08-16T18:02:55.699462,0.8,17,0,1.36,0.55,Berlin,2.9969,4.104,7.6949
9ed0c408-cb72-4a0a-9319-519bda9b5297,2025-08-16T18:02:55.762743,4.68,21,0,0.87,0.9,Berlin,8.086,11.6128,15.2121
3313d995-b059-4635-8dd1-b438632e0881,2025-08-16T18:02:55.827191,5.36,21,4,1.04,1.15,Berlin,7.5714,11.2477,15.3396
4a2fedc9-8ed3-40c6-9362-f3c0b08f32c7,2025-08-16T18:02:55.890071,5.81,21,0,1.0,0.81,Berlin,9.509,14.1515,19.9168
16ed6265-c31b-4019-8072-bbb49fc6ef84,2025-08-16T18:02:55.952955,4.06,9,3,1.3,0.73,Munich,12.7825,18.1417,25.3375
825339fc-5817-4f69-bcfd-d06336f2930e,2025-08-16T18:02:56.017120,5.34,17,4,1.03,1.13,Munich,7.5866,10.8915,14.935
49131885-832f-4120-b610-8daa69d0341e,2025-08-16T18:02:56.080735,4.79,17,4,1.4,0.78,Berlin,12.384,18.7778,27.1987
03bd2566-97b0-40e6-b253-7930bd1ea036,2025-08-16T18:02:56.144494,3.87,12,5,1.01,1.34,Berlin,7.0184,8.5461,12.4417
0af274e3-4e60-479d-8c3a-4240a2d5619a,2025-08-16T18:02:56.208363,3.7,21,0,1.04,0.91,Berlin,9.0347,10.9783,13.7835
ab5131d0-648d-4951-8aa9-ca9520eaa24f,2025-08-16T18:02:56.272340,4.41,9,2,1.23,0.69,Berlin,12.9109,18.6067,25.8486
96f6e1d4-c72d-4949-ae12-0617d682cc19,2025-08-16T18:02:56.336438,0.8,12,0,1.02,1.38,Munich,3.0,2.999,3.1037
c5d786ec-937c-4d43-9942-e6662b3de768,2025-08-16T18:02:56.400585,2.7,12,6,0.78,1.0,Berlin,4.5167,5.51,8.5839
a3cdd5e7-e696-4ab7-8ce3-fabc3c1c21b5,2025-08-16T18:02:56.465074,3.65,8,5,1.62,1.02,Munich,10.5618,15.3628,18.9961
8efe9d6c-733d-4958-a26b-d0079076c6d9,2025-08-16T18:02:56.528596,0.88,12,2,0.77,1.29,Berlin,2.9856,2.8175,2.7489
e6a69be7-11c7-49a7-b34e-b191e9284666,2025-08-16T18:02:56.592111,3.86,21,4,0.91,0.86,Berlin,8.6843,10.9374,13.3553
028d855a-8460-4d46-97f4-61cf875ae0a4,2025-08-16T18:02:56.655457,5.82,21,2,0.64,1.03,Munich,6.3619,9.4878,12.2339
59738558-bce8-4a4a-a651-57f07dbb0bfd,2025-08-16T18:02:56.719574,4.65,21,0,0.95,0.86,Berlin,9.2122,13.0975,18.597
edc1cfb0-12ee-4c92-b8b0-77b83ef8ea92,2025-08-16T18:02:56.783667,8.56,17,5,0.95,0.96,Berlin,8.3005,11.4842,15.3053
11b9e595-dd0a-4368-9e13-df1792e96875,2025-08-16T18:02:56.846787,6.26,9,1,1.2,1.15,Berlin,8.9655,12.272,15.573
b2d0419f-ac10-44ba-9d23-193e3197adfe,2025-08-16T18:02:56.910219,5.84,21,3,0.99,0.97,Munich,8.557,12.1669,15.0422
bbc43660-38d0-4350-bd54-8e9781f32d43,2025-08-16T18:02:56.974037,5.13,8,0,1.12,0.97,Berlin,9.3835,12.84,18.4061
bd41713e-29a9-4e93-a53f-845406de84aa,2025-08-16T18:02:57.037593,6.54,18,0,1.16,0.88,Munich,10.1389,15.4032,20.5909
b215a317-5095-48c5-ad49-4a83a7ed39a8,2025-08-16T18:02:57.101570,2.77,12,5,0.89,1.14,Berlin,4.6348,5.7243,8.9482
307c55c4-d361-4247-b742-8da08c6ff2e4,2025-08-16T18:02:57.165089,6.6,8,1,1.13,0.96,Munich,9.456,13.0024,18.489
d9c52df6-6fbb-4902-b384-16d0810df4ea,2025-08-16T18:02:57.229022,7.82,9,4,1.62,0.83,Munich,13.8795,21.2379,28.8269
21c13b87-754b-4d8b-8635-56f106aea494,2025-08-16T18:02:57.288448,0.8,17,4,1.32,0.8,Berlin,2.9969,3.623,5.4364
27e97daf-c794-43ee-891d-4536edbde021,2025-08-16T18:02:57.352909,6.21,8,4,1.53,1.04,Berlin,11.2881,16.1502,22.7076
c165c460-f8d3-4728-ab2f-13127a7aec0d,2025-08-16T18:02:57.419390,4.17,12,2,1.09,1.24,Berlin,7.5229,10.5565,13.5292
84ca86a0-09a8-4b20-9e81-f56c66cf0d10,2025-08-16T18:02:57.468688,4.88,12,0,1.21,1.44,Munich,6.6951,10.5773,14.2466
182c0366-9a76-4993-bbe2-2d9994482661,2025-08-16T18:02:57.522307,9.55,18,1,1.28,0.67,Berlin,13.5742,19.4245,26.329
4e097784-dc06-42b0-8728-09543db2eaa8,2025-08-16T18:02:57.574406,5.05,12,4,0.81,1.14,Munich,6.7949,9.2717,12.8375
b2a6fb9f-35bc-41b6-bfa3-3d5b91d75ae2,2025-08-16T18:02:57.636095,5.01,12,5,1.31,1.01,Berlin,10.2951,14.3308,19.9335
2d4af597-007e-4499-b452-840a57bd38b5,2025-08-16T18:02:57.699317,5.33,21,4,0.83,1.44,Berlin,5.0705,8.9663,13.0747
6200ff90-b8d2-4dd1-bfa3-f584807e381d,2025-08-16T18:02:57.763254,3.91,17,5,1.3,0.64,Munich,14.4037,19.8694,28.4658
5ef220ed-9c39-468a-81a9-5a01464a0fc6,2025-08-16T18:02:57.827316,10.34,8,0,1.34,0.94,Berlin,11.2881,16.5033,21.0948
58c79c4e-d4a2-408b-8dd8-6240eb78b053,2025-08-16T18:02:57.890951,3.0,18,6,1.61,1.09,Munich,9.6957,12.5419,15.0829
130ebeb1-3aa8-47c9-b267-d248b6d6eca7,2025-08-16T18:02:57.954952,3.71,18,1,1.32,0.52,Berlin,15.6301,22.5977,29.1538
4abd6e22-c675-4a76-b0f2-abd04d623a88,2025-08-16T18:02:58.019023,7.05,17,1,1.09,0.93,Berlin,9.3757,13.1704,19.145
fe87ce13-a595-40c1-915c-cf30141c361e,2025-08-16T18:02:58.082569,2.53,9,6,1.01,0.79,Munich,6.2224,9.0644,13.4145
c8172336-fe1c-4d03-89ca-667e4018784d,2025-08-16T18:02:58.146943,2.59,9,0,0.99,0.92,Munich,5.7472,7.7584,11.0912
1504bae7-84c3-4cce-a9bc-f2491c0a2031,2025-08-16T18:02:58.186275,3.11,12,1,1.12,1.0,Berlin,7.4842,9.0821,12.3943
0ebef4b5-1f34-47ad-8ef8-551e00220a32,2025-08-16T18:02:58.242404,5.09,8,4,1.61,0.74,Munich,14.9904,22.1245,31.0692
a35fb753-9922-4631-8702-e8ba841d259b,2025-08-16T18:02:58.306021,6.41,12,4,0.84,1.25,Berlin,6.5714,9.3303,13.1006
37ea366a-f74f-4e0c-839c-e0bb853d7881,2025-08-16T18:02:58.369614,3.39,8,1,0.92,0.64,Berlin,9.869,14.0295,17.0845
658f6168-a0bb-41e2-8129-3a913347936b,2025-08-16T18:02:58.433736,5.61,17,5,0.94,1.16,Munich,7.1621,10.0575,13.5925
b594b95f-b830-4936-87da-aa12edeacac4,2025-08-16T18:02:58.497569,5.64,12,3,0.94,0.48,Berlin,14.0626,21.7341,29.1767
4fa6534f-885e-47fa-a829-459bdf038675,2025-08-16T18:02:58.561656,4.71,21,5,0.75,0.96,Berlin,7.1282,10.2755,13.3837
c8738f6c-65a2-409e-9381-9d25f076abab,2025-08-16T18:02:58.625250,4.76,9,4,1.4,0.88,Munich,11.3929,17.234,22.7262
29f0c7c3-ca5f-4bc7-957f-9f85f92706b7,2025-08-16T18:02:58.689282,6.78,8,5,1.33,0.78,Munich,11.4283,17.6584,22.3219
36abeeeb-5e17-44e7-8478-eb3e2990cbcd,2025-08-16T18:02:58.753548,2.75,12,4,1.08,1.28,Berlin,4.8253,6.3369,9.8567
1588c837-e043-4d83-b058-27cf9a794770,2025-08-16T18:02:58.801233,3.89,12,0,0.7,1.06,Berlin,6.3464,7.7028,11.3722
2da652ee-337f-4b7c-990c-d634984bd57b,2025-08-16T18:02:58.865193,5.99,8,0,1.02,0.52,Berlin,13.8959,20.931,28.8703
497d6659-5aac-42f1-a3c2-fde741ec3972,2025-08-16T18:02:58.928405,4.06,18,0,1.1,0.6,Munich,13.2225,18.3895,25.6012
a97592ff-365b-4f1a-b256-7136f69a989a,2025-08-16T18:02:58.992310,2.21,12,6,0.88,1.39,Munich,3.5567,4.684,6.0662
f355d5bf-da66-4304-9b53-0a075e0add63,2025-08-16T18:02:59.055402,4.88,17,0,1.06,0.77,Berlin,10.1924,15.6206,21.1849
13bdfacb-9e00-45f8-aaa9-c0b19a493475,2025-08-16T18:02:59.119143,8.38,21,5,0.89,1.1,Munich,7.1621,10.253,13.5388
5ec84ce5-5577-4fa4-b43a-6c4725a38317,2025-08-16T18:02:59.182127,4.74,8,6,1.22,0.67,Berlin,13.7813,19.0475,25.8486
176fa7f6-0814-4df4-a2f7-a677366e9659,2025-08-16T18:02:59.245837,6.3,17,0,1.08,0.74,Berlin,11.1344,16.7143,21.8919
303aa74b-3b15-43ce-9fe0-7dd61a975f85,2025-08-16T18:02:59.304259,4.53,17,6,1.23,0.74,Berlin,11.8339,17.5729,22.8965
39ef7fa2-6798-4cc4-86ce-c30fcfed8ee5,2025-08-16T18:02:59.356304,4.14,17,2,1.08,1.09,Berlin,8.4691,11.3742,14.1295
9ef99942-70aa-4d03-9858-99f8b8563e74,2025-08-16T18:02:59.419210,6.73,12,5,1.01,1.13,Munich,7.5527,10.8676,14.9673
b2ecb3a8-a2f8-4105-bd83-aa4521a014aa,2025-08-16T18:02:59.459129,5.61,9,6,1.19,0.55,Berlin,14.5308,21.9352,30.4991
fa7efabb-ab0d-43be-8801-1f82fb45eb18,2025-08-16T18:02:59.520752,7.38,12,2,0.74,1.19,Munich,6.5215,9.103,12.4628
d174369b-43ae-473c-815c-0e530ffbf401,2025-08-16T18:02:59.570009,2.11,18,4,1.43,0.49,Munich,15.1259,15.2124,22.8868
ec2f2e3d-9920-47e6-995b-2ceb5252155e,2025-08-16T18:02:59.619494,7.71,18,0,1.39,0.79,Munich,12.3915,19.131,27.066
96a7bc63-f15d-42f2-91b9-4d8f7329277e,2025-08-16T18:02:59.683042,7.37,9,6,1.08,0.54,Munich,14.2071,21.0331,28.6869
6a39cf2e-e0fe-4eb2-a3ab-c84f92c51bbc,2025-08-16T18:02:59.747348,4.38,21,1,0.94,0.98,Berlin,7.5674,11.2876,15.1605
d0511a43-7521-4926-92bb-a75ddb1d7c45,2025-08-16T18:02:59.811173,3.59,17,5,1.08,0.65,Munich,10.1428,15.24,18.6398
9d9ceea4-fa25-4ccd-b90b-fd54efeb75ef,2025-08-16T18:02:59.874879,3.67,8,3,1.36,0.4,Berlin,19.5929,26.162,33.4603
3084bcb3-3c7c-45be-95d4-ada6459059b2,2025-08-16T18:02:59.938312,5.08,17,6,1.2,0.99,Munich,9.7366,13.421,19.2434
23817acf-54f6-4990-83b6-ea0f7469bf23,2025-08-16T18:03:00.001733,2.41,17,3,1.4,0.96,Berlin,8.1834,9.6426,13.4253
76ffffb8-5e28-4155-9c87-f80a777b1db5,2025-08-16T18:03:00.065307,1.29,18,4,1.24,0.9,Munich,3.0814,6.0768,5.8439
d06c5271-a15b-4c11-9e7b-64c747e2d67b,2025-08-16T18:03:00.128186,4.16,21,2,0.84,1.04,Berlin,7.1453,10.2725,11.9726
23f55d01-1faa-48e7-8863-34b7bb65237e,2025-08-16T18:03:00.192211,5.02,8,6,1.43,0.84,Munich,11.4345,17.3781,23.453
8e950733-6e4d-41f0-8b08-a760e4ef2f6f,2025-08-16T18:03:00.255781,7.46,9,0,1.06,0.95,Berlin,9.1955,12.7886,18.3416
b16c31bd-7de2-444a-8267-489f4c1b92bc,2025-08-16T18:03:00.319358,2.97,17,5,1.2,0.93,Berlin,7.6982,9.8711,13.538
9f687425-ad5a-480c-b614-d006b7cc0ccd,2025-08-16T18:03:00.382966,0.8,12,6,0.88,0.99,Berlin,3.0,3.0105,3.1894
6243f31d-b0b8-4ad1-9ae2-a8f517d6cf00,2025-08-16T19:37:26.759408,5.62,18,3,1.27,0.63,Berlin,14.2876,21.063,28.5981
f0f7aab3-6701-4b6a-be60-e0aa1a944621,2025-08-16T19:37:26.870188,8.27,21,4,1.04,0.99,Berlin,8.6908,12.2312,15.7809
d93bde7a-3620-42a0-b90f-16d09eb67a3b,2025-08-16T19:37:26.933484,6.07,9,0,1.16,0.95,Munich,9.5117,13.7832,19.0959
daf3d116-f200-4c5a-8e41-f85e64e72409,2025-08-16T19:37:26.996979,7.2,17,4,1.17,1.06,Munich,9.428,12.6342,18.3184
6e266856-0854-416f-8ac7-eaf329171da3,2025-08-16T19:37:27.060460,4.61,12,5,1.19,1.09,Munich,9.2439,12.5411,17.1504
4d26b6fd-27ef-407b-a600-d4a6d2adf0ef,2025-08-16T19:37:27.124281,6.99,21,2,0.85,1.34,Munich,6.4993,9.6585,12.6979
80c70f08-284b-4f45-9bbc-3e0d4f855ba6,2025-08-16T19:37:27.188457,6.39,17,2,1.25,0.8,Berlin,11.4455,17.2775,22.1697
4479cad0-9626-4ba9-9a74-6c71371f6376,2025-08-16T19:37:27.252705,5.59,8,1,1.47,0.81,Munich,13.2706,19.0853,26.5917
75262761-bd13-4d50-9040-b5dce9be36b8,2025-08-16T19:37:27.313895,4.08,18,4,1.39,0.72,Munich,14.2864,20.1271,28.7849
5f3f3991-ff14-4114-a0b1-23a76fb67482,2025-08-16T19:37:27.378970,5.84,21,4,0.85,1.18,Berlin,7.1394,9.9174,13.0683
f60f0ee6-12d9-4729-b35f-53d836ba10ca,2025-08-16T19:37:27.420189,5.57,17,2,1.25,1.11,Berlin,9.7501,12.837,18.8089
b96fbea2-06a9-41c1-b212-1f795ac024eb,2025-08-16T19:37:27.479046,5.16,9,0,1.44,0.4,Munich,20.0138,30.7689,38.2875
50f2659e-f199-44b2-aeb5-fea245a1f234,2025-08-16T19:37:27.534314,4.34,21,4,0.84,1.32,Munich,6.4447,9.662,12.8052
f31b3d9d-f641-437d-96ec-acfe6320b70f,2025-08-16T19:37:27.595428,3.1,18,5,0.97,0.89,Berlin,6.9305,9.1727,12.0102
e5276dce-fb72-4051-9c47-d55d9572178f,2025-08-16T19:37:27.646029,4.82,17,4,1.22,0.94,Berlin,10.3274,14.7374,19.9753
1380f113-d4b5-4a75-85fb-29db72039416,2025-08-16T19:37:27.709637,3.49,21,4,0.59,1.07,Berlin,4.3828,5.3881,9.9563
519b1503-d6b3-4a21-a288-7ee4187b0d5c,2025-08-16T19:37:27.773175,9.13,21,0,1.18,0.82,Munich,11.2333,17.2322,21.6466
a4b57f9f-e60d-4a8a-9651-39b19d4729eb,2025-08-16T19:37:27.837020,5.88,9,0,1.41,0.4,Munich,20.0138,28.1043,38.0043
05b6762a-1ce9-432c-b328-f57fc4defe2e,2025-08-16T19:37:27.899041,4.9,12,2,0.83,1.17,Berlin,6.772,9.2919,12.9934
02f7dbbf-50e5-4a9e-a691-e2dd2d307f86,2025-08-16T19:37:27.963327,3.26,9,3,1.09,0.58,Munich,12.1271,15.5271,22.3932
1b19a326-369d-4892-96f5-53487b4bc905,2025-08-16T19:37:28.026964,4.63,12,2,0.64,0.94,Munich,6.3636,9.4543,12.379
063ee8be-4f57-4da6-ba86-beed8f0e5ff7,2025-08-16T19:37:28.066947,3.24,12,6,1.0,1.29,Berlin,5.2686,7.1199,9.9595
0d0b99f8-37e8-425a-a1ec-2e74793b6960,2025-08-16T19:37:28.122013,9.01,21,6,0.73,1.36,Munich,4.9947,8.0832,12.651
dfd473ab-26f7-428f-b657-b311c7a0978e,2025-08-16T19:37:28.185269,6.09,17,4,1.36,1.08,Munich,9.8698,14.0199,19.638
8f049440-0996-43f0-acb5-0a9bbed4996e,2025-08-16T19:37:28.248644,2.21,18,5,1.2,0.44,Berlin,15.0364,16.6943,20.6485
3aa8da0d-14a6-4b6c-83a6-686581cff444,2025-08-16T19:37:28.311426,6.01,18,1,1.11,1.07,Munich,8.6147,12.2935,15.5301
9dac8574-8865-4230-a681-39bce06e1b7e,2025-08-16T19:37:28.375430,6.7,18,4,1.14,0.88,Munich,9.6259,14.9972,19.6658
b4ae99d7-990d-41ff-aabe-3945e7fe7d14,2025-08-16T19:37:28.439573,4.85,9,4,1.13,0.84,Berlin,10.1044,15.3164,20.5424
61d0cbec-f884-4fe9-aa39-65ba55b53e0c,2025-08-16T19:37:28.479748,3.61,18,1,0.84,0.69,Munich,8.3679,11.4997,13.964
1245f1ed-8c55-413c-806c-f60c2ed5d83c,2025-08-16T19:37:28.535014,3.34,8,5,1.65,0.94,Munich,10.64,16.2015,23.7557
06ae9f1c-e95f-47a1-a331-3ccba8654035,2025-08-16T19:37:28.599423,5.12,18,4,0.94,0.4,Berlin,16.0089,24.6105,32.1267
cffa663f-e722-4619-83a9-9d5e2eb2b4ba,2025-08-16T19:37:28.640033,3.45,17,6,0.83,0.4,Munich,12.8368,18.7032,26.5572
edd42467-058e-481e-b027-afc18e7b0d4f,2025-08-16T19:37:28.694229,2.13,21,2,1.06,1.33,Munich,3.641,4.8434,6.8972
09cfdc06-3c46-4159-9948-8b20df442e74,2025-08-16T19:37:28.733326,5.96,17,4,1.6,0.94,Munich,11.3204,17.957,23.7196
2323acef-82d3-41b5-b38e-a5ff690d2eda,2025-08-16T19:37:28.788822,6.62,17,0,1.13,1.1,Berlin,8.6755,11.9191,15.4592
4c334fab-39f8-4add-9aa4-f142b57d0044,2025-08-16T19:37:28.852764,2.85,8,1,1.44,0.67,Berlin,12.388,16.6785,25.5207
f8247d9b-39db-4de1-8dc3-07a8828989e8,2025-08-16T19:37:28.916754,5.88,12,1,1.03,1.27,Berlin,7.2008,10.0467,13.8182
8d6e3df5-14d0-408e-99ec-3d108c5cbc26,2025-08-16T19:37:28.980617,1.22,18,2,1.43,0.74,Munich,3.0889,6.515,9.7692
b8738285-2e26-4143-b0e8-8c4f08a6793b,2025-08-16T19:37:29.043723,7.06,9,1,1.14,0.66,Munich,12.4035,17.5047,22.2305
9cfe82f6-5b7e-4e7c-9900-841282e137ea,2025-08-16T19:37:29.106728,3.92,12,3,0.51,1.29,Berlin,5.3508,5.8757,10.7772
b6ff715e-6cfc-44c2-8ae6-c757597d3f38,2025-08-16T19:37:29.170056,5.25,12,3,0.98,1.16,Berlin,7.3684,10.4611,14.1291
4abbc0d6-dfbe-4454-adea-d26cbd5ebc63,2025-08-16T19:37:29.233599,8.52,9,2,1.17,0.48,Munich,16.3963,25.367,32.3839
d118b2c7-dc59-4f4f-b1c2-c583d269835a,2025-08-16T19:37:29.287054,0.99,18,6,1.14,0.84,Berlin,3.0807,3.3019,4.5489
8e103078-3a82-4f88-975c-26aab795cd42,2025-08-16T19:37:29.339791,6.05,17,6,1.14,1.21,Munich,7.6598,11.0049,15.0888
a23b6a20-e99c-4045-bde6-84150dc13362,2025-08-16T19:37:29.397291,3.14,17,4,0.95,0.95,Berlin,6.5483,8.5416,11.4875
8a2babf8-25c1-4c4c-8aa0-e069d0e5c5ae,2025-08-16T19:37:29.460299,3.91,9,2,1.4,0.91,Munich,11.2967,15.403,21.9691
6eb9f9b7-35ac-4a09-8640-1f66f1b88bb3,2025-08-16T19:37:29.514766,6.64,8,0,1.36,0.95,Berlin,11.2881,16.5467,21.1218
f5e25099-b0d8-42b8-8d3b-26d4c3318166,2025-08-16T19:37:29.563890,4.9,8,6,1.23,0.79,Munich,11.4283,17.3629,21.595
048bbab8-f9f6-4144-9792-2d7a6d0a29ba,2025-08-16T19:37:29.627413,6.69,18,1,0.86,0.56,Munich,11.5528,17.5324,21.594
394df402-bce0-428b-b4be-9ca8fb1fbe3f,2025-08-16T19:37:29.679115,2.35,12,2,0.97,1.05,Munich,4.5261,5.8116,8.2056
5091c9bf-ed0d-481f-8e70-cd06da213f42,2025-08-16T19:37:29.743664,0.8,17,0,1.01,0.72,Berlin,2.9895,3.5206,4.2141
69c043bc-47e4-4d45-be40-ce6a4e89f1f1,2025-08-16T19:37:29.806288,0.97,8,2,1.27,0.58,Berlin,3.0882,4.102,8.1984
f9f54abe-ce52-4ce1-bf19-fa0fa3af8cc6,2025-08-16T19:37:29.870159,6.14,12,3,0.9,1.42,Berlin,5.6118,9.516,13.465
8d0a34dd-2085-4b69-93fd-92a1dcc06bcd,2025-08-16T19:37:29.934158,3.69,8,4,1.12,0.81,Berlin,9.872,13.3877,16.5566
8dcdafaa-debb-4a95-896b-66a7ab4306af,2025-08-16T19:37:29.998166,5.25,17,1,1.4,0.83,Berlin,11.4455,17.4004,24.1623
731f68f9-631d-4e9a-a145-f82e3a187205,2025-08-16T19:37:30.061736,6.18,12,4,0.5,1.08,Berlin,5.3633,7.3077,12.5233
8a596dc0-f582-4559-b55b-b4f0f118e7fb,2025-08-16T19:37:30.126232,4.61,8,5,1.13,0.73,Munich,11.5472,17.0337,21.5037
40dc1e0b-f79c-4f14-8349-08a0caf2e562,2025-08-16T19:37:30.188720,0.8,17,6,1.32,0.84,Munich,2.9969,3.6048,4.7128
50657997-352a-487e-821e-cd201041a66e,2025-08-16T19:37:30.252442,4.7,17,2,1.49,0.9,Munich,11.3441,17.2531,23.7507
f4831a2e-fa82-4add-8ded-c2938a7d76c0,2025-08-16T19:37:30.315850,9.12,9,6,1.59,0.82,Berlin,13.7097,21.1134,28.8882
38eadf77-ea50-4239-b4ce-ba40fb74f7fa,2025-08-16T19:37:30.379380,4.46,8,4,1.46,0.6,Munich,16.1511,23.9315,33.2788
8a34b021-f3ee-4920-90b8-d830ded99e49,2025-08-16T19:37:30.442319,4.8,18,3,1.21,0.59,Munich,14.43,21.8475,30.1305
b59670c1-c1f7-415d-9e21-120d0ce5330a,2025-08-16T19:37:30.505589,4.93,8,4,1.42,1.06,Berlin,10.3146,14.7338,21.7373
24c6f817-cf7b-4e13-9372-902d0dca8ccf,2025-08-16T19:37:30.568673,2.61,8,5,1.23,1.17,Berlin,6.0374,7.3724,10.581
88035435-6bea-4b44-ada6-69738267e5ba,2025-08-16T19:37:30.632266,2.59,18,3,1.22,0.89,Munich,7.839,9.8819,13.8938
f90cd652-e521-4feb-98a0-cbc805bff7e0,2025-08-16T19:37:30.695110,2.15,8,6,1.27,0.95,Berlin,5.8816,7.1934,10.9885
89689345-45c8-4766-808f-75d1359de18e,2025-08-16T19:37:30.758381,7.62,18,4,0.99,0.52,Berlin,13.6874,19.6494,26.9674
276ea039-8d2a-48d8-90fc-b5d5ec966ac7,2025-08-16T19:37:30.821642,9.05,8,3,1.24,1.08,Munich,9.745,13.1099,18.2343
a4304d6a-d97d-4be6-83e6-8caf1daa6e2a,2025-08-16T19:37:30.860879,5.38,18,1,1.04,0.47,Munich,14.7719,22.5931,30.6265
6d16fc9c-3e30-4206-86cc-2006fb631bb7,2025-08-16T19:37:30.915467,0.8,12,1,0.64,0.87,Berlin,3.023,3.0057,2.6815
26284495-ec51-4a06-b391-8dd2af09b151,2025-08-16T19:37:30.954796,2.72,21,4,0.88,1.2,Berlin,4.5586,5.5302,8.8511
fb8e54bd-b58f-4ed0-a49a-5582a868eb9c,2025-08-16T19:37:30.996013,4.06,21,5,0.74,1.28,Berlin,5.9582,7.9471,11.2004
e83296dc-4b1f-4f43-8fd3-f25e66ed0a30,2025-08-16T19:37:31.038956,7.53,8,3,1.29,0.71,Munich,13.6665,19.1798,25.5855
2837cfb2-bc2d-401a-89d6-0762a0391766,2025-08-16T19:37:31.079394,6.38,21,5,0.95,0.92,Berlin,8.4398,12.6173,15.4105
189890f5-43c1-4a02-a139-516f984be6c0,2025-08-16T19:37:31.137321,5.56,18,1,1.57,0.94,Munich,11.3204,17.3517,23.7196
34570494-c7a6-4a04-a8e5-9a2e59c11e91,2025-08-16T19:37:31.200793,2.35,9,2,0.96,0.48,Munich,10.7487,14.1411,18.0711
fefc46ce-6179-4388-8952-323303286199,2025-08-16T19:37:31.253731,5.97,9,6,1.27,0.96,Munich,10.318,14.653,20.2515
40dc544c-c282-43fc-91bd-5c1183e68ce8,2025-08-16T19:37:31.294322,5.53,18,2,1.29,0.87,Munich,11.404,17.2149,21.6525
4edd1cb1-27d2-4a14-ad81-a71bac503b02,2025-08-16T19:37:31.345693,6.78,21,4,0.84,1.19,Munich,6.8153,9.6443,12.8052
f0231bd3-e172-4ba0-8981-1386faa564a7,2025-08-16T19:37:31.397180,3.5,12,2,0.92,1.02,Munich,6.0162,8.4555,12.5507
65a96721-6480-4348-9d10-7b07defaa02b,2025-08-16T19:37:31.459764,5.48,12,1,0.53,1.16,Munich,5.3915,7.258,12.153
a76f9974-1874-4683-9274-f1cee4260dba,2025-08-16T19:37:31.514577,6.15,21,3,1.07,1.18,Berlin,7.5714,11.2291,15.2778
4ed7b9db-19aa-464d-910f-d0e3da85960b,2025-08-16T19:37:31.579346,4.94,12,5,1.0,0.77,Munich,9.98,14.9113,19.6861
1f741ab0-9962-49a7-ba32-ad30e369c2b4,2025-08-16T19:37:31.628681,8.32,18,3,1.02,0.77,Munich,10.0046,15.3577,20.5788
94dd9009-b5ad-46e8-8f66-41880f338058,2025-08-16T19:37:31.692255,4.21,17,6,1.27,0.46,Munich,19.152,25.8792,32.6617
36131e25-6353-417d-a10c-ccada0ec5ab4,2025-08-16T19:37:31.755832,7.37,8,3,1.18,0.6,Berlin,14.0431,20.709,28.6461
55c128a6-b9fb-4e80-967c-d58ac2d7bd89,2025-08-16T19:37:31.819382,5.64,8,6,1.11,0.88,Berlin,9.4715,14.1136,19.6174
1ace6b98-1919-4225-9ce2-93a3d5c915bd,2025-08-16T19:37:31.882469,5.73,17,0,1.21,0.4,Munich,20.1577,25.9711,36.4776
0fa88584-808d-4e6c-94d5-ff1ac28d9d19,2025-08-16T19:37:31.946301,5.75,9,3,1.41,1.03,Berlin,10.5039,15.1766,22.0006
c456c4dd-f733-4b28-8c62-a6b20f490dbc,2025-08-16T19:37:32.009470,3.55,9,1,1.46,0.91,Berlin,9.6802,14.8581,19.2752
c8f2bab9-df39-4c5f-87bb-ca61fab400ae,2025-08-16T19:37:32.072249,2.43,21,2,0.98,0.86,Munich,6.0538,7.9526,11.4712
a07069a9-3e9b-4e9d-ae88-090d80071e2d,2025-08-16T19:37:32.135146,9.86,18,2,1.35,0.48,Munich,19.8989,26.0374,32.6617
b0bd9950-5b94-4424-bbd0-c9cbcbf61a98,2025-08-16T19:37:32.199007,5.52,17,0,1.45,0.83,Berlin,12.384,18.5068,27.3722
01758f90-294f-4401-a3d6-d47a9fcaf758,2025-08-16T19:37:32.262303,5.88,8,3,1.2,0.85,Berlin,10.9614,15.6421,21.0353
0cbe860d-2ce3-4ba3-8417-aeb221f4854c,2025-08-16T19:37:32.326174,4.7,12,3,0.74,1.14,Berlin,6.513,9.2034,12.9156
e3cb5716-4de7-4b71-a6c8-44b8e0ef83c0,2025-08-16T19:37:32.390101,5.86,8,5,1.14,1.21,Munich,7.6394,10.981,14.7773
6637d737-9f12-432c-b2c2-edf6e94f56d0,2025-08-16T19:37:32.453823,5.16,9,3,1.21,0.84,Munich,11.4481,16.7865,21.2436
47fb4795-5106-4c2b-a09d-a4e421afc74d,2025-08-16T19:37:32.517805,3.74,9,6,1.06,1.1,Berlin,7.5591,8.9383,12.7734
9472d35b-3ee2-4d1b-88c9-f4a6d54bd21f,2025-08-16T19:37:32.581209,5.4,18,3,1.33,0.57,Munich,16.6331,24.4886,32.4211
e666fd1e-81ca-4a90-be0c-ce076eee18f3,2025-08-16T19:37:32.645058,3.99,17,4,0.85,1.06,Berlin,7.1478,8.3288,11.7238
